Date,Name,Year,Letterboxd URI
2021-04-13,Pulp Fiction,1994,https://boxd.it/29Pq
2021-04-13,Fight Club,1999,https://boxd.it/2a9q
2021-04-13,The Grand Budapest Hotel,2014,https://boxd.it/3ZqO
2021-04-13,Interstellar,2014,https://boxd.it/4VZ8
2021-04-13,Gone Girl,2014,https://boxd.it/6hQu
2021-04-13,Arrival,2016,https://boxd.it/aNGk
2021-04-13,Spirited Away,2001,https://boxd.it/2b4m
2021-04-13,Call Me by Your Name,2017,https://boxd.it/dYmm
2021-04-13,The Silence of the Lambs,1991,https://boxd.it/2aHW
2021-04-13,Kill Bill: Vol. 1,2003,https://boxd.it/70w
2021-04-13,Blade Runner 2049,2017,https://boxd.it/b8wK
2021-04-13,The Truman Show,1998,https://boxd.it/18U8
2021-04-13,Star Wars: The Force Awakens,2015,https://boxd.it/4vru
2021-04-13,Forrest Gump,1994,https://boxd.it/728
2021-04-13,Scott Pilgrim vs. the World,2010,https://boxd.it/1Aq6
2021-04-13,Deadpool,2016,https://boxd.it/9fOC
2021-04-13,The Matrix,1999,https://boxd.it/2a1m
2021-04-13,Star Wars,1977,https://boxd.it/72s
2021-04-13,Ex Machina,2014,https://boxd.it/7T2k
2021-04-13,Back to the Future,1985,https://boxd.it/2b8e
2021-04-13,Brokeback Mountain,2005,https://boxd.it/2b2q
2021-04-13,Go,1999,https://boxd.it/1YHA
2021-04-13,Groove,2000,https://boxd.it/1yWO
2021-04-13,54,1998,https://boxd.it/255I
2021-04-13,Maltese Flamingo,1986,https://boxd.it/xqg
2021-04-13,Running from Crazy,2013,https://boxd.it/4YuC
2021-04-13,Coming to America,1988,https://boxd.it/1Ygu
2021-04-13,My Neighbor Totoro,1988,https://boxd.it/20eA
2021-04-13,Boomerang,1992,https://boxd.it/1UIO
2021-04-13,Vamp,1986,https://boxd.it/1e6S
2021-04-13,Breakfast at Tiffany's,1961,https://boxd.it/2aYS
2021-04-13,Arabian Nights,1974,https://boxd.it/KO6
2021-04-13,Airplane!,1980,https://boxd.it/29yu
2021-04-13,Ferris Bueller's Day Off,1986,https://boxd.it/1YPY
2021-04-13,The Wizard of Oz,1939,https://boxd.it/29Xu
2021-04-13,A Streetcar Named Desire,1951,https://boxd.it/29Mc
2021-04-13,TRON: Legacy,2010,https://boxd.it/1Dlo
2021-04-13,Paris Is Burning,1990,https://boxd.it/1jzg
2021-04-13,Encino Man,1992,https://boxd.it/1Wls
2021-04-13,E.T. the Extra-Terrestrial,1982,https://boxd.it/2a1G
2021-04-13,Grace Jones: Bloodlight and Bami,2017,https://boxd.it/gStM
2021-04-13,Bohemian Rhapsody,2018,https://boxd.it/f1TK
2021-04-13,Captain Phillips,2013,https://boxd.it/3GPK
2021-04-13,Skyfall,2012,https://boxd.it/17Fc
2021-04-13,Casino Royale,2006,https://boxd.it/1alk
2021-04-13,Spectre,2015,https://boxd.it/6bXY
2021-04-13,Rio,2011,https://boxd.it/NKc
2021-04-13,Avengers: Infinity War,2018,https://boxd.it/9vEe
2021-04-13,Avengers: Endgame,2019,https://boxd.it/9vE4
2021-04-13,Guardians of the Galaxy,2014,https://boxd.it/3VH2
2021-04-13,GoodFellas,1990,https://boxd.it/29FA
2021-04-13,"As Above, So Below",2014,https://boxd.it/7yui
2021-04-13,I May Destroy You,2020,https://boxd.it/qX9i
2021-04-13,The Flowers of War,2011,https://boxd.it/2Evc
2021-04-13,American Psycho,2000,https://boxd.it/28Vs
2021-04-13,Do the Right Thing,1989,https://boxd.it/29gA
2021-04-13,The Lord of the Rings: The Fellowship of the Ring,2001,https://boxd.it/2b5O
2021-04-13,Alien,1979,https://boxd.it/2awY
2021-04-13,The Lord of the Rings: The Two Towers,2002,https://boxd.it/2b5E
2021-04-13,The Lion King,1994,https://boxd.it/201Q
2021-04-13,Raiders of the Lost Ark,1981,https://boxd.it/2bbs
2021-04-15,The Pianist,2002,https://boxd.it/2aqc
2021-04-15,Independence Day,1996,https://boxd.it/2a1w
2021-04-15,Defamation,2009,https://boxd.it/nYs
2021-04-15,Pretend It's a City,2021,https://boxd.it/tlWs
2021-04-15,Mrs. Doubtfire,1993,https://boxd.it/29Cw
2021-04-15,Big,1988,https://boxd.it/271S
2021-04-15,God's Own Country,2017,https://boxd.it/faZM
2021-04-15,Shrek,2001,https://boxd.it/29zi
2021-04-15,The Hunger Games,2012,https://boxd.it/2uds
2021-04-15,The Hunger Games: Catching Fire,2013,https://boxd.it/3sAw
2021-04-15,The Hunger Games: Mockingjay - Part 1,2014,https://boxd.it/4hka
2021-04-15,The Hunger Games: Mockingjay - Part 2,2015,https://boxd.it/4hk0
2021-04-15,Harry Potter and the Prisoner of Azkaban,2004,https://boxd.it/29Qy
2021-04-15,Harry Potter and the Philosopher's Stone,2001,https://boxd.it/29QS
2021-04-15,Harry Potter and the Deathly Hallows: Part 2,2011,https://boxd.it/1RYk
2021-04-15,Harry Potter and the Chamber of Secrets,2002,https://boxd.it/29QI
2021-04-15,Harry Potter and the Goblet of Fire,2005,https://boxd.it/29Qo
2021-04-15,Harry Potter and the Order of the Phoenix,2007,https://boxd.it/29Qe
2021-04-15,Harry Potter and the Deathly Hallows: Part 1,2010,https://boxd.it/1RYu
2021-04-15,Harry Potter and the Half-Blood Prince,2009,https://boxd.it/29FU
2021-04-15,The Polar Express,2004,https://boxd.it/23am
2021-04-15,Elf,2003,https://boxd.it/1VyK
2021-04-15,Kicking & Screaming,2005,https://boxd.it/1XnE
2021-04-15,Megamind,2010,https://boxd.it/16Sk
2021-04-15,Step Brothers,2008,https://boxd.it/1SsE
2021-04-15,The Other Guys,2010,https://boxd.it/1rtq
2021-04-15,A Night at the Roxbury,1998,https://boxd.it/1YHK
2021-04-15,Land of the Lost,2009,https://boxd.it/1Htc
2021-04-15,Get Hard,2015,https://boxd.it/7Axe
2021-04-15,Blades of Glory,2007,https://boxd.it/1Xrm
2021-04-15,Anchorman: The Legend of Ron Burgundy,2004,https://boxd.it/1ZVo
2021-04-15,Anchorman 2: The Legend Continues,2013,https://boxd.it/3GNk
2021-04-15,Monty Python and the Holy Grail,1975,https://boxd.it/29GI
2021-04-15,Kiki's Delivery Service,1989,https://boxd.it/1JAY
2021-04-15,Howl's Moving Castle,2004,https://boxd.it/23De
2021-04-15,Grown Ups 2,2013,https://boxd.it/3GAq
2021-04-15,Click,2006,https://boxd.it/1YVM
2021-04-15,Happy Gilmore,1996,https://boxd.it/1Yey
2021-04-15,Jack and Jill,2011,https://boxd.it/2pQu
2021-04-15,Billy Madison,1995,https://boxd.it/1UQI
2021-04-15,Just Go with It,2011,https://boxd.it/Doq
2021-04-15,The Wedding Singer,1998,https://boxd.it/1USO
2021-04-15,You Don't Mess with the Zohan,2008,https://boxd.it/1VHs
2021-04-15,That's My Boy,2012,https://boxd.it/35IW
2021-04-15,Big Daddy,1999,https://boxd.it/1ZkW
2021-04-15,The Waterboy,1998,https://boxd.it/1VHi
2021-04-15,Pixels,2015,https://boxd.it/7BaA
2021-04-15,The Longest Yard,2005,https://boxd.it/1Z3c
2021-04-15,Grown Ups,2010,https://boxd.it/169a
2021-04-15,Bedtime Stories,2008,https://boxd.it/1WPM
2021-04-15,Anger Management,2003,https://boxd.it/1YvO
2021-04-15,The Do-Over,2016,https://boxd.it/dA2C
2021-04-15,Hotel Transylvania,2012,https://boxd.it/2DF6
2021-04-15,Bridesmaids,2011,https://boxd.it/rac
2021-04-15,How to Train Your Dragon,2010,https://boxd.it/1WRy
2021-04-15,The Martian,2015,https://boxd.it/8SeG
2021-04-15,Unaccompanied Minors,2006,https://boxd.it/1Hv8
2021-04-15,Ice Age: Dawn of the Dinosaurs,2009,https://boxd.it/20iC
2021-04-15,The Secret Life of Walter Mitty,2013,https://boxd.it/3SWy
2021-04-15,Zoolander 2,2016,https://boxd.it/aNBE
2021-04-15,Despicable Me,2010,https://boxd.it/1DD8
2021-04-15,Despicable Me 2,2013,https://boxd.it/3gg0
2021-04-15,Despicable Me 3,2017,https://boxd.it/azpu
2021-04-15,X-Men: Days of Future Past,2014,https://boxd.it/4aRw
2021-04-15,X-Men: First Class,2011,https://boxd.it/FOA
2021-04-15,X-Men: Apocalypse,2016,https://boxd.it/7eJi
2021-04-15,Silver Linings Playbook,2012,https://boxd.it/2TTo
2021-04-15,Joy,2015,https://boxd.it/8kEU
2021-04-15,Passengers,2016,https://boxd.it/8lFu
2021-04-15,Everest,2015,https://boxd.it/7r7Q
2021-04-15,Nightcrawler,2014,https://boxd.it/780m
2021-04-15,Life,2017,https://boxd.it/dRqG
2021-04-15,The Day After Tomorrow,2004,https://boxd.it/2aog
2021-04-15,The Great Gatsby,2013,https://boxd.it/JY
2021-04-15,How the Grinch Stole Christmas,2000,https://boxd.it/1ZHQ
2021-04-15,The Grey,2011,https://boxd.it/2xZE
2021-04-15,The Princess Bride,1987,https://boxd.it/26EY
2021-04-15,The Mask,1994,https://boxd.it/29rS
2021-04-15,Ace Ventura: Pet Detective,1994,https://boxd.it/25RW
2021-04-15,Kick-Ass 2,2013,https://boxd.it/hqu
2021-04-15,Mr. Popper's Penguins,2011,https://boxd.it/kRS
2021-04-15,Zathura: A Space Adventure,2005,https://boxd.it/21mq
2021-04-15,Happy Feet,2006,https://boxd.it/1XH0
2021-04-15,Flubber,1997,https://boxd.it/1YkQ
2021-04-15,Night at the Museum: Secret of the Tomb,2014,https://boxd.it/5x3m
2021-04-15,The Birdcage,1996,https://boxd.it/1UTi
2021-04-15,Aladdin,1992,https://boxd.it/29yE
2021-04-15,Robots,2005,https://boxd.it/1Xve
2021-04-15,Night at the Museum,2006,https://boxd.it/28wi
2021-04-15,Night at the Museum: Battle of the Smithsonian,2009,https://boxd.it/1H7U
2021-04-15,RV,2006,https://boxd.it/1YrW
2021-04-15,Hamlet,1996,https://boxd.it/1VZc
2021-04-15,Happy Feet Two,2011,https://boxd.it/2Om
2021-04-15,World's Greatest Dad,2009,https://boxd.it/1DVG
2021-04-15,Old Dogs,2009,https://boxd.it/1zPE
2021-04-15,Bambi,1942,https://boxd.it/25AQ
2021-04-15,Mulan,1998,https://boxd.it/1VFw
2021-04-15,Tangled,2010,https://boxd.it/15gO
2021-04-15,Lilo & Stitch,2002,https://boxd.it/1TAY
2021-04-15,Cinderella,1950,https://boxd.it/1Uki
2021-04-15,Alice in Wonderland,1951,https://boxd.it/1Sz6
2021-04-15,One Hundred and One Dalmatians,1961,https://boxd.it/1SeC
2021-04-15,Fantasia,1940,https://boxd.it/29HG
2021-04-15,The Little Mermaid,1989,https://boxd.it/1WYO
2021-04-15,Pinocchio,1940,https://boxd.it/1V8C
2021-04-15,Lady and the Tramp,1955,https://boxd.it/1Wv8
2021-04-15,Frozen II,2019,https://boxd.it/aPvo
2021-04-15,Dumbo,1941,https://boxd.it/1U2o
2021-04-15,Coco,2017,https://boxd.it/bYJQ
2021-04-15,The Many Adventures of Winnie the Pooh,1977,https://boxd.it/7l0Y
2021-04-15,Muppet Treasure Island,1996,https://boxd.it/1VaS
2021-04-15,Robin Hood,1973,https://boxd.it/1SRa
2021-04-15,Hercules,1997,https://boxd.it/1SDW
2021-04-15,Enchanted,2007,https://boxd.it/24co
2021-04-15,The Jungle Book,1967,https://boxd.it/1YY2
2021-04-15,The Princess and the Frog,2009,https://boxd.it/1WQq
2021-04-15,Peter Pan,1953,https://boxd.it/1VCC
2021-04-15,Muppets from Space,1999,https://boxd.it/1WOO
2021-04-15,Up,2009,https://boxd.it/1OEc
2021-04-15,Snow White and the Seven Dwarfs,1937,https://boxd.it/2arO
2021-04-15,Swiss Family Robinson,1960,https://boxd.it/1GX6
2021-04-15,Frozen,2013,https://boxd.it/3GNa
2021-04-15,Brother Bear,2003,https://boxd.it/1Xjs
2021-04-15,The Princess Diaries,2001,https://boxd.it/1XCO
2021-04-15,Treasure Planet,2002,https://boxd.it/1Znm
2021-04-15,Beauty and the Beast,1991,https://boxd.it/1XhG
2021-04-15,Toy Story,1995,https://boxd.it/29qA
2021-04-15,101 Dalmatians,1996,https://boxd.it/1TgO
2021-04-15,Tarzan,1999,https://boxd.it/18YO
2021-04-15,The Emperor's New Groove,2000,https://boxd.it/1Tey
2021-04-15,Pirates of the Caribbean: The Curse of the Black Pearl,2003,https://boxd.it/70G
2021-04-15,Herbie Fully Loaded,2005,https://boxd.it/1TP0
2021-04-15,"The Chronicles of Narnia: The Lion, the Witch and the Wardrobe",2005,https://boxd.it/2ark
2021-04-15,WALLÂ·E,2008,https://boxd.it/1VEo
2021-04-15,A Christmas Carol,2009,https://boxd.it/1HKW
2021-04-15,Pirates of the Caribbean: At World's End,2007,https://boxd.it/2aGu
2021-04-15,The Incredibles,2004,https://boxd.it/1XLm
2021-04-15,Ratatouille,2007,https://boxd.it/27ww
2021-04-15,Alice in Wonderland,2010,https://boxd.it/1Spq
2021-04-15,Toy Story 3,2010,https://boxd.it/1WRe
2021-04-15,Pirates of the Caribbean: On Stranger Tides,2011,https://boxd.it/27Z4
2021-04-15,The Lone Ranger,2013,https://boxd.it/ngU
2021-04-15,Maleficent,2014,https://boxd.it/3v1u
2021-04-15,Into the Woods,2014,https://boxd.it/6DtW
2021-04-15,Big Hero 6,2014,https://boxd.it/5rje
2021-04-15,The Finest Hours,2016,https://boxd.it/9yAa
2021-04-15,Pirates of the Caribbean: Dead Men Tell No Tales,2017,https://boxd.it/5a9m
2021-04-15,Alice Through the Looking Glass,2016,https://boxd.it/75Yo
2021-04-15,Finding Nemo,2003,https://boxd.it/72i
2021-04-15,"Monsters, Inc.",2001,https://boxd.it/2a46
2021-04-15,Cars,2006,https://boxd.it/29ho
2021-04-15,Cars 3,2017,https://boxd.it/7IPq
2021-04-15,A Bug's Life,1998,https://boxd.it/1Yyy
2021-04-15,Brave,2012,https://boxd.it/bVG
2021-04-15,Monsters University,2013,https://boxd.it/bQm
2021-04-15,The Pink Panther,2006,https://boxd.it/1Sys
2021-04-15,The Pink Panther 2,2009,https://boxd.it/1MHy
2021-04-15,Scooby-Doo,2002,https://boxd.it/1YaQ
2021-04-15,The Witches,1990,https://boxd.it/1WVg
2021-04-15,Love Actually,2003,https://boxd.it/2aeU
2021-04-15,Mr. Bean's Holiday,2007,https://boxd.it/28Yc
2021-04-15,Johnny English,2003,https://boxd.it/1YyI
2021-04-15,Johnny English Reborn,2011,https://boxd.it/kQq
2021-04-15,Bean,1997,https://boxd.it/28WA
2021-04-15,Johnny English Strikes Again,2018,https://boxd.it/gzGW
2021-04-15,Blackadder's Christmas Carol,1988,https://boxd.it/BOw
2021-04-15,Blackadder: Back & Forth,1999,https://boxd.it/5QYG
2021-04-15,"Merry Christmas, Mr. Bean",1992,https://boxd.it/sn5e
2021-04-15,The Story of Bean,1997,https://boxd.it/2R28
2021-04-15,The Devil Wears Prada,2006,https://boxd.it/2awE
2021-04-15,August: Osage County,2013,https://boxd.it/4OhI
2021-04-15,Get Smart,2008,https://boxd.it/1Tig
2021-04-15,Valentine's Day,2010,https://boxd.it/1gui
2021-04-15,Ella Enchanted,2004,https://boxd.it/1O5G
2021-04-15,Hoodwinked!,2005,https://boxd.it/1UVS
2021-04-15,Bride Wars,2009,https://boxd.it/1W3I
2021-04-15,Passengers,2008,https://boxd.it/1P4E
2021-04-15,The Nice Guys,2016,https://boxd.it/94Hg
2021-04-15,The Big Short,2015,https://boxd.it/ajZw
2021-04-15,Flight,2012,https://boxd.it/35Ca
2021-04-15,Lean On Me,1989,https://boxd.it/1NIC
2021-04-15,The Dark Knight,2008,https://boxd.it/2b0k
2021-04-15,The Dark Knight Rises,2012,https://boxd.it/H3m
2021-04-15,The Lego Movie,2014,https://boxd.it/4pDO
2021-04-15,Batman Begins,2005,https://boxd.it/2aIg
2021-04-15,Now You See Me,2013,https://boxd.it/2Bsu
2021-04-15,Now You See Me 2,2016,https://boxd.it/99fw
2021-04-15,Oblivion,2013,https://boxd.it/2Bzq
2021-04-15,RED,2010,https://boxd.it/13uu
2021-04-15,The Bucket List,2007,https://boxd.it/20Ye
2021-04-15,London Has Fallen,2016,https://boxd.it/814o
2021-04-15,Deep Impact,1998,https://boxd.it/1ZYM
2021-04-15,Angel Has Fallen,2019,https://boxd.it/eYfC
2021-04-15,Outbreak,1995,https://boxd.it/21io
2021-04-15,Going in Style,2017,https://boxd.it/bSKS
2021-04-15,March of the Penguins,2005,https://boxd.it/28lE
2021-04-15,Dolphin Tale 2,2014,https://boxd.it/6ISC
2021-04-15,Evan Almighty,2007,https://boxd.it/26s4
2021-04-15,Rocketman,2019,https://boxd.it/iehK
2021-04-15,The Social Network,2010,https://boxd.it/17ue
2021-04-15,The 40 Year Old Virgin,2005,https://boxd.it/21hK
2021-04-15,In Time,2011,https://boxd.it/FPS
2021-04-15,Bad Teacher,2011,https://boxd.it/yXA
2021-04-15,Men in Black,1997,https://boxd.it/2a0I
2021-04-15,The Pursuit of Happyness,2006,https://boxd.it/28PE
2021-04-15,Men in Black 3,2012,https://boxd.it/103U
2021-04-15,Shark Tale,2004,https://boxd.it/1VYe
2021-04-15,Men in Black II,2002,https://boxd.it/2a0y
2021-04-15,Bad Boys,1995,https://boxd.it/1XVG
2021-04-15,Contagion,2011,https://boxd.it/13rq
2021-04-15,The Signal,2014,https://boxd.it/77hc
2021-04-15,The Rocky Horror Picture Show,1975,https://boxd.it/1a3q
2021-04-15,Grease,1978,https://boxd.it/29YW
2021-04-15,Fantastic Planet,1973,https://boxd.it/1KnQ
2021-04-15,Super 8,2011,https://boxd.it/dVI
2021-04-15,Rashomon,1950,https://boxd.it/2a9K
2021-04-15,Julie & Julia,2009,https://boxd.it/1wXg
2021-04-18,Are We There Yet?,2005,https://boxd.it/1Tms
2021-04-18,Coraline,2009,https://boxd.it/1NhQ
2021-04-18,Toy Story 2,1999,https://boxd.it/29qq
2021-04-18,The Nightmare Before Christmas,1993,https://boxd.it/1YzQ
2021-04-18,Loving Vincent,2017,https://boxd.it/biIQ
2021-04-18,Lawrence of Arabia,1962,https://boxd.it/2wRE
